CREATE TABLE IF NOT EXISTS "auth_group" ("id" integer NOT NULL PRIMARY KEY AUTOINCREMENT, "name" varchar(150) NOT NULL UNIQUE);
CREATE UNIQUE INDEX "auth_group_permissions_group_id_permission_id_0cd325b0_uniq" ON "auth_group_permissions" ("group_id", "permission_id");
CREATE INDEX IF NOT EXISTS "auth_group_permissions_group_id_b120cbf9" ON "auth_group_permissions" ("group_id");
CREATE INDEX IF NOT EXISTS "auth_group_permissions_permission_id_84c5c92e" ON "auth_group_permissions" ("permission_id");
CREATE UNIQUE INDEX "auth_user_groups_user_id_group_id_94350c0c_uniq" ON "auth_user_groups" ("user_id", "group_id");
CREATE INDEX IF NOT EXISTS "auth_user_groups_user_id_6a12ed8b" ON "auth_user_groups" ("user_id");
CREATE INDEX IF NOT EXISTS "auth_user_groups_group_id_97559544" ON "auth_user_groups" ("group_id");
CREATE UNIQUE INDEX "auth_user_user_permissions_user_id_permission_id_14a6b632_uniq" ON "auth_user_user_permissions" ("user_id", "permission_id");
CREATE INDEX IF NOT EXISTS "auth_user_user_permissions_user_id_a95ead1b" ON "auth_user_user_permissions" ("user_id");
CREATE INDEX IF NOT EXISTS "auth_user_user_permissions_permission_id_1fbb5f2c" ON "auth_user_user_permissions" ("permission_id");
CREATE INDEX IF NOT EXISTS "django_admin_log_content_type_id_c4bce8eb" ON "django_admin_log" ("content_type_id");
CREATE INDEX IF NOT EXISTS "django_admin_log_user_id_c564eba6" ON "django_admin_log" ("user_id");
CREATE UNIQUE INDEX "django_content_type_app_label_model_76bd3d3b_uniq" ON "django_content_type" ("app_label", "model");
CREATE UNIQUE INDEX "auth_permission_content_type_id_codename_01ab375a_uniq" ON "auth_permission" ("content_type_id", "codename");
CREATE INDEX IF NOT EXISTS "auth_permission_content_type_id_2f476e4b" ON "auth_permission" ("content_type_id");
CREATE UNIQUE INDEX "musica_album_artistas_album_id_artista_id_092ce7ee_uniq" ON "musica_album_artistas" ("album_id", "artista_id");
CREATE INDEX IF NOT EXISTS "musica_album_artistas_album_id_446b4290" ON "musica_album_artistas" ("album_id");
CREATE INDEX IF NOT EXISTS "musica_album_artistas_artista_id_e1138a23" ON "musica_album_artistas" ("artista_id");
CREATE INDEX IF NOT EXISTS "django_session_expire_date_a5c62663" ON "django_session" ("expire_date");
CREATE INDEX IF NOT EXISTS "musica_cancion_album_id_e56070a5" ON "musica_cancion" ("album_id");
CREATE INDEX IF NOT EXISTS "musica_imagen_fecha_subida_ee054eb4" ON "musica_imagen" ("fecha_subida");
CREATE INDEX IF NOT EXISTS "musica_imagen_subida_por_id_930ac2e9" ON "musica_imagen" ("subida_por_id");
CREATE INDEX IF NOT EXISTS "musica_album_discografica_id_8e7f529f" ON "musica_album" ("discografica_id");
CREATE TABLE IF NOT EXISTS "auth_group_permissions" ("id" integer NOT NULL PRIMARY KEY AUTOINCREMENT, "group_id" integer NOT NULL REFERENCES "auth_group" ("id") DEFERRABLE INITIALLY DEFERRED, "permission_id" integer NOT NULL REFERENCES "auth_permission" ("id") DEFERRABLE INITIALLY DEFERRED);
CREATE UNIQUE INDEX "auth_group_permissions_group_id_permission_id_0cd325b0_uniq" ON "auth_group_permissions" ("group_id", "permission_id");
CREATE INDEX IF NOT EXISTS "auth_group_permissions_group_id_b120cbf9" ON "auth_group_permissions" ("group_id");
CREATE INDEX IF NOT EXISTS "auth_group_permissions_permission_id_84c5c92e" ON "auth_group_permissions" ("permission_id");
CREATE UNIQUE INDEX "auth_user_groups_user_id_group_id_94350c0c_uniq" ON "auth_user_groups" ("user_id", "group_id");
CREATE INDEX IF NOT EXISTS "auth_user_groups_user_id_6a12ed8b" ON "auth_user_groups" ("user_id");
CREATE INDEX IF NOT EXISTS "auth_user_groups_group_id_97559544" ON "auth_user_groups" ("group_id");
CREATE UNIQUE INDEX "auth_user_user_permissions_user_id_permission_id_14a6b632_uniq" ON "auth_user_user_permissions" ("user_id", "permission_id");
CREATE INDEX IF NOT EXISTS "auth_user_user_permissions_user_id_a95ead1b" ON "auth_user_user_permissions" ("user_id");
CREATE INDEX IF NOT EXISTS "auth_user_user_permissions_permission_id_1fbb5f2c" ON "auth_user_user_permissions" ("permission_id");
CREATE INDEX IF NOT EXISTS "django_admin_log_content_type_id_c4bce8eb" ON "django_admin_log" ("content_type_id");
CREATE INDEX IF NOT EXISTS "django_admin_log_user_id_c564eba6" ON "django_admin_log" ("user_id");
CREATE UNIQUE INDEX "django_content_type_app_label_model_76bd3d3b_uniq" ON "django_content_type" ("app_label", "model");
CREATE UNIQUE INDEX "auth_permission_content_type_id_codename_01ab375a_uniq" ON "auth_permission" ("content_type_id", "codename");
CREATE INDEX IF NOT EXISTS "auth_permission_content_type_id_2f476e4b" ON "auth_permission" ("content_type_id");
CREATE UNIQUE INDEX "musica_album_artistas_album_id_artista_id_092ce7ee_uniq" ON "musica_album_artistas" ("album_id", "artista_id");
CREATE INDEX IF NOT EXISTS "musica_album_artistas_album_id_446b4290" ON "musica_album_artistas" ("album_id");
CREATE INDEX IF NOT EXISTS "musica_album_artistas_artista_id_e1138a23" ON "musica_album_artistas" ("artista_id");
CREATE INDEX IF NOT EXISTS "django_session_expire_date_a5c62663" ON "django_session" ("expire_date");
CREATE INDEX IF NOT EXISTS "musica_cancion_album_id_e56070a5" ON "musica_cancion" ("album_id");
CREATE INDEX IF NOT EXISTS "musica_imagen_fecha_subida_ee054eb4" ON "musica_imagen" ("fecha_subida");
CREATE INDEX IF NOT EXISTS "musica_imagen_subida_por_id_930ac2e9" ON "musica_imagen" ("subida_por_id");
CREATE INDEX IF NOT EXISTS "musica_album_discografica_id_8e7f529f" ON "musica_album" ("discografica_id");
CREATE TABLE IF NOT EXISTS "auth_permission" ("id" integer NOT NULL PRIMARY KEY AUTOINCREMENT, "content_type_id" integer NOT NULL REFERENCES "django_content_type" ("id") DEFERRABLE INITIALLY DEFERRED, "codename" varchar(100) NOT NULL, "name" varchar(255) NOT NULL);
INSERT INTO "auth_permission" VALUES(1,1,'add_logentry','Can add log entry');
INSERT INTO "auth_permission" VALUES(2,1,'change_logentry','Can change log entry');
INSERT INTO "auth_permission" VALUES(3,1,'delete_logentry','Can delete log entry');
INSERT INTO "auth_permission" VALUES(4,1,'view_logentry','Can view log entry');
INSERT INTO "auth_permission" VALUES(5,2,'add_permission','Can add permission');
INSERT INTO "auth_permission" VALUES(6,2,'change_permission','Can change permission');
INSERT INTO "auth_permission" VALUES(7,2,'delete_permission','Can delete permission');
INSERT INTO "auth_permission" VALUES(8,2,'view_permission','Can view permission');
INSERT INTO "auth_permission" VALUES(9,3,'add_group','Can add group');
INSERT INTO "auth_permission" VALUES(10,3,'change_group','Can change group');
INSERT INTO "auth_permission" VALUES(11,3,'delete_group','Can delete group');
INSERT INTO "auth_permission" VALUES(12,3,'view_group','Can view group');
INSERT INTO "auth_permission" VALUES(13,4,'add_user','Can add user');
INSERT INTO "auth_permission" VALUES(14,4,'change_user','Can change user');
INSERT INTO "auth_permission" VALUES(15,4,'delete_user','Can delete user');
INSERT INTO "auth_permission" VALUES(16,4,'view_user','Can view user');
INSERT INTO "auth_permission" VALUES(17,5,'add_contenttype','Can add content type');
INSERT INTO "auth_permission" VALUES(18,5,'change_contenttype','Can change content type');
INSERT INTO "auth_permission" VALUES(19,5,'delete_contenttype','Can delete content type');
INSERT INTO "auth_permission" VALUES(20,5,'view_contenttype','Can view content type');
INSERT INTO "auth_permission" VALUES(21,6,'add_session','Can add session');
INSERT INTO "auth_permission" VALUES(22,6,'change_session','Can change session');
INSERT INTO "auth_permission" VALUES(23,6,'delete_session','Can delete session');
INSERT INTO "auth_permission" VALUES(24,6,'view_session','Can view session');
INSERT INTO "auth_permission" VALUES(25,7,'add_artista','Can add artista');
INSERT INTO "auth_permission" VALUES(26,7,'change_artista','Can change artista');
INSERT INTO "auth_permission" VALUES(27,7,'delete_artista','Can delete artista');
INSERT INTO "auth_permission" VALUES(28,7,'view_artista','Can view artista');
INSERT INTO "auth_permission" VALUES(29,8,'add_cancion','Can add cancion');
INSERT INTO "auth_permission" VALUES(30,8,'change_cancion','Can change cancion');
INSERT INTO "auth_permission" VALUES(31,8,'delete_cancion','Can delete cancion');
INSERT INTO "auth_permission" VALUES(32,8,'view_cancion','Can view cancion');
INSERT INTO "auth_permission" VALUES(33,9,'add_discografica','Can add discografica');
INSERT INTO "auth_permission" VALUES(34,9,'change_discografica','Can change discografica');
INSERT INTO "auth_permission" VALUES(35,9,'delete_discografica','Can delete discografica');
INSERT INTO "auth_permission" VALUES(36,9,'view_discografica','Can view discografica');
INSERT INTO "auth_permission" VALUES(37,10,'add_album','Can add album');
INSERT INTO "auth_permission" VALUES(38,10,'change_album','Can change album');
INSERT INTO "auth_permission" VALUES(39,10,'delete_album','Can delete album');
INSERT INTO "auth_permission" VALUES(40,10,'view_album','Can view album');
INSERT INTO "auth_permission" VALUES(41,11,'add_imagen','Can add imagen');
INSERT INTO "auth_permission" VALUES(42,11,'change_imagen','Can change imagen');
INSERT INTO "auth_permission" VALUES(43,11,'delete_imagen','Can delete imagen');
INSERT INTO "auth_permission" VALUES(44,11,'view_imagen','Can view imagen');
CREATE UNIQUE INDEX "auth_group_permissions_group_id_permission_id_0cd325b0_uniq" ON "auth_group_permissions" ("group_id", "permission_id");
CREATE INDEX IF NOT EXISTS "auth_group_permissions_group_id_b120cbf9" ON "auth_group_permissions" ("group_id");
CREATE INDEX IF NOT EXISTS "auth_group_permissions_permission_id_84c5c92e" ON "auth_group_permissions" ("permission_id");
CREATE UNIQUE INDEX "auth_user_groups_user_id_group_id_94350c0c_uniq" ON "auth_user_groups" ("user_id", "group_id");
CREATE INDEX IF NOT EXISTS "auth_user_groups_user_id_6a12ed8b" ON "auth_user_groups" ("user_id");
CREATE INDEX IF NOT EXISTS "auth_user_groups_group_id_97559544" ON "auth_user_groups" ("group_id");
CREATE UNIQUE INDEX "auth_user_user_permissions_user_id_permission_id_14a6b632_uniq" ON "auth_user_user_permissions" ("user_id", "permission_id");
CREATE INDEX IF NOT EXISTS "auth_user_user_permissions_user_id_a95ead1b" ON "auth_user_user_permissions" ("user_id");
CREATE INDEX IF NOT EXISTS "auth_user_user_permissions_permission_id_1fbb5f2c" ON "auth_user_user_permissions" ("permission_id");
CREATE INDEX IF NOT EXISTS "django_admin_log_content_type_id_c4bce8eb" ON "django_admin_log" ("content_type_id");
CREATE INDEX IF NOT EXISTS "django_admin_log_user_id_c564eba6" ON "django_admin_log" ("user_id");
CREATE UNIQUE INDEX "django_content_type_app_label_model_76bd3d3b_uniq" ON "django_content_type" ("app_label", "model");
CREATE UNIQUE INDEX "auth_permission_content_type_id_codename_01ab375a_uniq" ON "auth_permission" ("content_type_id", "codename");
CREATE INDEX IF NOT EXISTS "auth_permission_content_type_id_2f476e4b" ON "auth_permission" ("content_type_id");
CREATE UNIQUE INDEX "musica_album_artistas_album_id_artista_id_092ce7ee_uniq" ON "musica_album_artistas" ("album_id", "artista_id");
CREATE INDEX IF NOT EXISTS "musica_album_artistas_album_id_446b4290" ON "musica_album_artistas" ("album_id");
CREATE INDEX IF NOT EXISTS "musica_album_artistas_artista_id_e1138a23" ON "musica_album_artistas" ("artista_id");
CREATE INDEX IF NOT EXISTS "django_session_expire_date_a5c62663" ON "django_session" ("expire_date");
CREATE INDEX IF NOT EXISTS "musica_cancion_album_id_e56070a5" ON "musica_cancion" ("album_id");
CREATE INDEX IF NOT EXISTS "musica_imagen_fecha_subida_ee054eb4" ON "musica_imagen" ("fecha_subida");
CREATE INDEX IF NOT EXISTS "musica_imagen_subida_por_id_930ac2e9" ON "musica_imagen" ("subida_por_id");
CREATE INDEX IF NOT EXISTS "musica_album_discografica_id_8e7f529f" ON "musica_album" ("discografica_id");
CREATE TABLE IF NOT EXISTS "auth_user" ("id" integer NOT NULL PRIMARY KEY AUTOINCREMENT, "password" varchar(128) NOT NULL, "last_login" datetime NULL, "is_superuser" bool NOT NULL, "username" varchar(150) NOT NULL UNIQUE, "last_name" varchar(150) NOT NULL, "email" varchar(254) NOT NULL, "is_staff" bool NOT NULL, "is_active" bool NOT NULL, "date_joined" datetime NOT NULL, "first_name" varchar(150) NOT NULL);
INSERT INTO "auth_user" VALUES(1,'pbkdf2_sha256$260000$4Qt3x2HbpsfZ5a9WTITqI7$3OjjvbJzowx1UqaX2goKXNIO86gsvw4oguFBZ7UhH9g=','2021-12-08 17:10:03.187066',1,'mariaestevezmagana','','maria.est.mag@gmail.com',1,1,'2021-11-17 19:18:19.494345','');
INSERT INTO "auth_user" VALUES(2,'pbkdf2_sha256$260000$ciMYTnigcxMNrMrXt0ggxt$1XMH/RPTeRBcBSzPr+U0h7pWrzFk4p+MPif/Gshs25s=',NULL,0,'root','','',1,1,'2021-12-08 13:33:54','');
CREATE UNIQUE INDEX "auth_group_permissions_group_id_permission_id_0cd325b0_uniq" ON "auth_group_permissions" ("group_id", "permission_id");
CREATE INDEX IF NOT EXISTS "auth_group_permissions_group_id_b120cbf9" ON "auth_group_permissions" ("group_id");
CREATE INDEX IF NOT EXISTS "auth_group_permissions_permission_id_84c5c92e" ON "auth_group_permissions" ("permission_id");
CREATE UNIQUE INDEX "auth_user_groups_user_id_group_id_94350c0c_uniq" ON "auth_user_groups" ("user_id", "group_id");
CREATE INDEX IF NOT EXISTS "auth_user_groups_user_id_6a12ed8b" ON "auth_user_groups" ("user_id");
CREATE INDEX IF NOT EXISTS "auth_user_groups_group_id_97559544" ON "auth_user_groups" ("group_id");
CREATE UNIQUE INDEX "auth_user_user_permissions_user_id_permission_id_14a6b632_uniq" ON "auth_user_user_permissions" ("user_id", "permission_id");
CREATE INDEX IF NOT EXISTS "auth_user_user_permissions_user_id_a95ead1b" ON "auth_user_user_permissions" ("user_id");
CREATE INDEX IF NOT EXISTS "auth_user_user_permissions_permission_id_1fbb5f2c" ON "auth_user_user_permissions" ("permission_id");
CREATE INDEX IF NOT EXISTS "django_admin_log_content_type_id_c4bce8eb" ON "django_admin_log" ("content_type_id");
CREATE INDEX IF NOT EXISTS "django_admin_log_user_id_c564eba6" ON "django_admin_log" ("user_id");
CREATE UNIQUE INDEX "django_content_type_app_label_model_76bd3d3b_uniq" ON "django_content_type" ("app_label", "model");
CREATE UNIQUE INDEX "auth_permission_content_type_id_codename_01ab375a_uniq" ON "auth_permission" ("content_type_id", "codename");
CREATE INDEX IF NOT EXISTS "auth_permission_content_type_id_2f476e4b" ON "auth_permission" ("content_type_id");
CREATE UNIQUE INDEX "musica_album_artistas_album_id_artista_id_092ce7ee_uniq" ON "musica_album_artistas" ("album_id", "artista_id");
CREATE INDEX IF NOT EXISTS "musica_album_artistas_album_id_446b4290" ON "musica_album_artistas" ("album_id");
CREATE INDEX IF NOT EXISTS "musica_album_artistas_artista_id_e1138a23" ON "musica_album_artistas" ("artista_id");
CREATE INDEX IF NOT EXISTS "django_session_expire_date_a5c62663" ON "django_session" ("expire_date");
CREATE INDEX IF NOT EXISTS "musica_cancion_album_id_e56070a5" ON "musica_cancion" ("album_id");
CREATE INDEX IF NOT EXISTS "musica_imagen_fecha_subida_ee054eb4" ON "musica_imagen" ("fecha_subida");
CREATE INDEX IF NOT EXISTS "musica_imagen_subida_por_id_930ac2e9" ON "musica_imagen" ("subida_por_id");
CREATE INDEX IF NOT EXISTS "musica_album_discografica_id_8e7f529f" ON "musica_album" ("discografica_id");
CREATE TABLE IF NOT EXISTS "auth_user_groups" ("id" integer NOT NULL PRIMARY KEY AUTOINCREMENT, "user_id" integer NOT NULL REFERENCES "auth_user" ("id") DEFERRABLE INITIALLY DEFERRED, "group_id" integer NOT NULL REFERENCES "auth_group" ("id") DEFERRABLE INITIALLY DEFERRED);
CREATE UNIQUE INDEX "auth_group_permissions_group_id_permission_id_0cd325b0_uniq" ON "auth_group_permissions" ("group_id", "permission_id");
CREATE INDEX IF NOT EXISTS "auth_group_permissions_group_id_b120cbf9" ON "auth_group_permissions" ("group_id");
CREATE INDEX IF NOT EXISTS "auth_group_permissions_permission_id_84c5c92e" ON "auth_group_permissions" ("permission_id");
CREATE UNIQUE INDEX "auth_user_groups_user_id_group_id_94350c0c_uniq" ON "auth_user_groups" ("user_id", "group_id");
CREATE INDEX IF NOT EXISTS "auth_user_groups_user_id_6a12ed8b" ON "auth_user_groups" ("user_id");
CREATE INDEX IF NOT EXISTS "auth_user_groups_group_id_97559544" ON "auth_user_groups" ("group_id");
CREATE UNIQUE INDEX "auth_user_user_permissions_user_id_permission_id_14a6b632_uniq" ON "auth_user_user_permissions" ("user_id", "permission_id");
CREATE INDEX IF NOT EXISTS "auth_user_user_permissions_user_id_a95ead1b" ON "auth_user_user_permissions" ("user_id");
CREATE INDEX IF NOT EXISTS "auth_user_user_permissions_permission_id_1fbb5f2c" ON "auth_user_user_permissions" ("permission_id");
CREATE INDEX IF NOT EXISTS "django_admin_log_content_type_id_c4bce8eb" ON "django_admin_log" ("content_type_id");
CREATE INDEX IF NOT EXISTS "django_admin_log_user_id_c564eba6" ON "django_admin_log" ("user_id");
CREATE UNIQUE INDEX "django_content_type_app_label_model_76bd3d3b_uniq" ON "django_content_type" ("app_label", "model");
CREATE UNIQUE INDEX "auth_permission_content_type_id_codename_01ab375a_uniq" ON "auth_permission" ("content_type_id", "codename");
CREATE INDEX IF NOT EXISTS "auth_permission_content_type_id_2f476e4b" ON "auth_permission" ("content_type_id");
CREATE UNIQUE INDEX "musica_album_artistas_album_id_artista_id_092ce7ee_uniq" ON "musica_album_artistas" ("album_id", "artista_id");
CREATE INDEX IF NOT EXISTS "musica_album_artistas_album_id_446b4290" ON "musica_album_artistas" ("album_id");
CREATE INDEX IF NOT EXISTS "musica_album_artistas_artista_id_e1138a23" ON "musica_album_artistas" ("artista_id");
CREATE INDEX IF NOT EXISTS "django_session_expire_date_a5c62663" ON "django_session" ("expire_date");
CREATE INDEX IF NOT EXISTS "musica_cancion_album_id_e56070a5" ON "musica_cancion" ("album_id");
CREATE INDEX IF NOT EXISTS "musica_imagen_fecha_subida_ee054eb4" ON "musica_imagen" ("fecha_subida");
CREATE INDEX IF NOT EXISTS "musica_imagen_subida_por_id_930ac2e9" ON "musica_imagen" ("subida_por_id");
CREATE INDEX IF NOT EXISTS "musica_album_discografica_id_8e7f529f" ON "musica_album" ("discografica_id");
CREATE TABLE IF NOT EXISTS "auth_user_user_permissions" ("id" integer NOT NULL PRIMARY KEY AUTOINCREMENT, "user_id" integer NOT NULL REFERENCES "auth_user" ("id") DEFERRABLE INITIALLY DEFERRED, "permission_id" integer NOT NULL REFERENCES "auth_permission" ("id") DEFERRABLE INITIALLY DEFERRED);
CREATE UNIQUE INDEX "auth_group_permissions_group_id_permission_id_0cd325b0_uniq" ON "auth_group_permissions" ("group_id", "permission_id");
CREATE INDEX IF NOT EXISTS "auth_group_permissions_group_id_b120cbf9" ON "auth_group_permissions" ("group_id");
CREATE INDEX IF NOT EXISTS "auth_group_permissions_permission_id_84c5c92e" ON "auth_group_permissions" ("permission_id");
CREATE UNIQUE INDEX "auth_user_groups_user_id_group_id_94350c0c_uniq" ON "auth_user_groups" ("user_id", "group_id");
CREATE INDEX IF NOT EXISTS "auth_user_groups_user_id_6a12ed8b" ON "auth_user_groups" ("user_id");
CREATE INDEX IF NOT EXISTS "auth_user_groups_group_id_97559544" ON "auth_user_groups" ("group_id");
CREATE UNIQUE INDEX "auth_user_user_permissions_user_id_permission_id_14a6b632_uniq" ON "auth_user_user_permissions" ("user_id", "permission_id");
CREATE INDEX IF NOT EXISTS "auth_user_user_permissions_user_id_a95ead1b" ON "auth_user_user_permissions" ("user_id");
CREATE INDEX IF NOT EXISTS "auth_user_user_permissions_permission_id_1fbb5f2c" ON "auth_user_user_permissions" ("permission_id");
CREATE INDEX IF NOT EXISTS "django_admin_log_content_type_id_c4bce8eb" ON "django_admin_log" ("content_type_id");
CREATE INDEX IF NOT EXISTS "django_admin_log_user_id_c564eba6" ON "django_admin_log" ("user_id");
CREATE UNIQUE INDEX "django_content_type_app_label_model_76bd3d3b_uniq" ON "django_content_type" ("app_label", "model");
CREATE UNIQUE INDEX "auth_permission_content_type_id_codename_01ab375a_uniq" ON "auth_permission" ("content_type_id", "codename");
CREATE INDEX IF NOT EXISTS "auth_permission_content_type_id_2f476e4b" ON "auth_permission" ("content_type_id");
CREATE UNIQUE INDEX "musica_album_artistas_album_id_artista_id_092ce7ee_uniq" ON "musica_album_artistas" ("album_id", "artista_id");
CREATE INDEX IF NOT EXISTS "musica_album_artistas_album_id_446b4290" ON "musica_album_artistas" ("album_id");
CREATE INDEX IF NOT EXISTS "musica_album_artistas_artista_id_e1138a23" ON "musica_album_artistas" ("artista_id");
CREATE INDEX IF NOT EXISTS "django_session_expire_date_a5c62663" ON "django_session" ("expire_date");
CREATE INDEX IF NOT EXISTS "musica_cancion_album_id_e56070a5" ON "musica_cancion" ("album_id");
CREATE INDEX IF NOT EXISTS "musica_imagen_fecha_subida_ee054eb4" ON "musica_imagen" ("fecha_subida");
CREATE INDEX IF NOT EXISTS "musica_imagen_subida_por_id_930ac2e9" ON "musica_imagen" ("subida_por_id");
CREATE INDEX IF NOT EXISTS "musica_album_discografica_id_8e7f529f" ON "musica_album" ("discografica_id");
CREATE TABLE IF NOT EXISTS "django_admin_log" ("id" integer NOT NULL PRIMARY KEY AUTOINCREMENT, "action_time" datetime NOT NULL, "object_id" text NULL, "object_repr" varchar(200) NOT NULL, "change_message" text NOT NULL, "content_type_id" integer NULL REFERENCES "django_content_type" ("id") DEFERRABLE INITIALLY DEFERRED, "user_id" integer NOT NULL REFERENCES "auth_user" ("id") DEFERRABLE INITIALLY DEFERRED, "action_flag" smallint unsigned NOT NULL CHECK ("action_flag" >= 0));
INSERT INTO "django_admin_log" VALUES(1,'2021-11-17 19:19:31.652220','1','Universal Music Group (UMG)','[{"added": {}}]',9,1,1);
INSERT INTO "django_admin_log" VALUES(2,'2021-11-17 19:19:34.307046','1','Sin mirar atrás','[{"added": {}}]',10,1,1);
INSERT INTO "django_admin_log" VALUES(3,'2021-11-17 19:27:43.299861','1','David Bisbal','[{"added": {}}]',7,1,1);
INSERT INTO "django_admin_log" VALUES(4,'2021-11-17 20:01:00.361962','1','Sin mirar atrás','[{"changed": {"fields": ["Artistas"]}}]',10,1,2);
INSERT INTO "django_admin_log" VALUES(5,'2021-11-17 20:02:56.705001','1','Al Andalus','[{"added": {}}]',8,1,1);
INSERT INTO "django_admin_log" VALUES(6,'2021-11-17 20:04:19.801520','2','Si falta el aire','[{"added": {}}]',8,1,1);
INSERT INTO "django_admin_log" VALUES(7,'2021-11-24 07:59:27.634455','1','Sin mirar atrás','[{"changed": {"fields": ["Imagen cover"]}}]',10,1,2);
INSERT INTO "django_admin_log" VALUES(8,'2021-11-24 08:18:26.872946','1','Sin mirar atrás','[{"changed": {"fields": ["Imagen cover"]}}]',10,1,2);
INSERT INTO "django_admin_log" VALUES(9,'2021-11-24 08:18:40.762022','1','Sin mirar atrás','[{"changed": {"fields": ["Imagen cover"]}}]',10,1,2);
INSERT INTO "django_admin_log" VALUES(10,'2021-11-24 08:26:54.607439','1','Sin mirar atrás','[{"changed": {"fields": ["Imagen cover"]}}]',10,1,2);
INSERT INTO "django_admin_log" VALUES(11,'2021-11-24 08:27:04.159803','1','Sin mirar atrás','[{"changed": {"fields": ["Imagen cover"]}}]',10,1,2);
INSERT INTO "django_admin_log" VALUES(12,'2021-11-24 08:32:55.477630','1','Sin mirar atrás','[{"changed": {"fields": ["Imagen cover"]}}]',10,1,2);
INSERT INTO "django_admin_log" VALUES(13,'2021-11-24 08:35:53.164487','1','Sin mirar atrás','[{"changed": {"fields": ["Imagen cover"]}}]',10,1,2);
INSERT INTO "django_admin_log" VALUES(14,'2021-11-24 08:56:55.181233','1','Sin mirar atrás','[{"changed": {"fields": ["Imagen cover"]}}]',10,1,2);
INSERT INTO "django_admin_log" VALUES(15,'2021-11-24 09:00:38.508027','1','Sin mirar atrás','[{"changed": {"fields": ["Imagen cover"]}}]',10,1,2);
INSERT INTO "django_admin_log" VALUES(16,'2021-11-24 10:58:09.335778','1','Sin mirar atrás','[{"changed": {"fields": ["Cover"]}}]',10,1,2);
INSERT INTO "django_admin_log" VALUES(17,'2021-11-24 10:58:15.952591','1','Sin mirar atrás','[]',10,1,2);
INSERT INTO "django_admin_log" VALUES(18,'2021-12-08 14:39:58.739826','6','Bulería','[{"added": {}}]',10,1,1);
INSERT INTO "django_admin_log" VALUES(19,'2021-12-08 14:40:15.879189','5','Bulería','',10,1,3);
INSERT INTO "django_admin_log" VALUES(20,'2021-12-08 14:40:15.902508','4','Bulería','',10,1,3);
INSERT INTO "django_admin_log" VALUES(21,'2021-12-08 14:40:15.927705','3','Bulería','',10,1,3);
INSERT INTO "django_admin_log" VALUES(22,'2021-12-08 14:48:58.805813','6','Bulería','[{"changed": {"fields": ["Cover"]}}]',10,1,2);
INSERT INTO "django_admin_log" VALUES(23,'2021-12-08 14:52:53.168639','6','Bulería','',10,1,3);
INSERT INTO "django_admin_log" VALUES(24,'2021-12-08 14:53:15.091635','7','Bulería','[{"added": {}}]',10,1,1);
INSERT INTO "django_admin_log" VALUES(25,'2021-12-08 15:31:50.921986','8','Corazon latino','[{"changed": {"fields": ["Cover"]}}]',10,1,2);
INSERT INTO "django_admin_log" VALUES(26,'2021-12-08 16:07:25.553580','2','root','[{"changed": {"fields": ["Superuser status"]}}]',4,1,2);
INSERT INTO "django_admin_log" VALUES(27,'2021-12-08 16:12:58.820600','6','Manolo Escobar','[{"added": {}}]',7,1,1);
INSERT INTO "django_admin_log" VALUES(28,'2021-12-08 16:13:20.250268','2','Si falta el aire','[{"changed": {"fields": ["Album"]}}]',8,1,2);
CREATE UNIQUE INDEX "auth_group_permissions_group_id_permission_id_0cd325b0_uniq" ON "auth_group_permissions" ("group_id", "permission_id");
CREATE INDEX IF NOT EXISTS "auth_group_permissions_group_id_b120cbf9" ON "auth_group_permissions" ("group_id");
CREATE INDEX IF NOT EXISTS "auth_group_permissions_permission_id_84c5c92e" ON "auth_group_permissions" ("permission_id");
CREATE UNIQUE INDEX "auth_user_groups_user_id_group_id_94350c0c_uniq" ON "auth_user_groups" ("user_id", "group_id");
CREATE INDEX IF NOT EXISTS "auth_user_groups_user_id_6a12ed8b" ON "auth_user_groups" ("user_id");
CREATE INDEX IF NOT EXISTS "auth_user_groups_group_id_97559544" ON "auth_user_groups" ("group_id");
CREATE UNIQUE INDEX "auth_user_user_permissions_user_id_permission_id_14a6b632_uniq" ON "auth_user_user_permissions" ("user_id", "permission_id");
CREATE INDEX IF NOT EXISTS "auth_user_user_permissions_user_id_a95ead1b" ON "auth_user_user_permissions" ("user_id");
CREATE INDEX IF NOT EXISTS "auth_user_user_permissions_permission_id_1fbb5f2c" ON "auth_user_user_permissions" ("permission_id");
CREATE INDEX IF NOT EXISTS "django_admin_log_content_type_id_c4bce8eb" ON "django_admin_log" ("content_type_id");
CREATE INDEX IF NOT EXISTS "django_admin_log_user_id_c564eba6" ON "django_admin_log" ("user_id");
CREATE UNIQUE INDEX "django_content_type_app_label_model_76bd3d3b_uniq" ON "django_content_type" ("app_label", "model");
CREATE UNIQUE INDEX "auth_permission_content_type_id_codename_01ab375a_uniq" ON "auth_permission" ("content_type_id", "codename");
CREATE INDEX IF NOT EXISTS "auth_permission_content_type_id_2f476e4b" ON "auth_permission" ("content_type_id");
CREATE UNIQUE INDEX "musica_album_artistas_album_id_artista_id_092ce7ee_uniq" ON "musica_album_artistas" ("album_id", "artista_id");
CREATE INDEX IF NOT EXISTS "musica_album_artistas_album_id_446b4290" ON "musica_album_artistas" ("album_id");
CREATE INDEX IF NOT EXISTS "musica_album_artistas_artista_id_e1138a23" ON "musica_album_artistas" ("artista_id");
CREATE INDEX IF NOT EXISTS "django_session_expire_date_a5c62663" ON "django_session" ("expire_date");
CREATE INDEX IF NOT EXISTS "musica_cancion_album_id_e56070a5" ON "musica_cancion" ("album_id");
CREATE INDEX IF NOT EXISTS "musica_imagen_fecha_subida_ee054eb4" ON "musica_imagen" ("fecha_subida");
CREATE INDEX IF NOT EXISTS "musica_imagen_subida_por_id_930ac2e9" ON "musica_imagen" ("subida_por_id");
CREATE INDEX IF NOT EXISTS "musica_album_discografica_id_8e7f529f" ON "musica_album" ("discografica_id");
CREATE TABLE IF NOT EXISTS "django_content_type" ("id" integer NOT NULL PRIMARY KEY AUTOINCREMENT, "app_label" varchar(100) NOT NULL, "model" varchar(100) NOT NULL);
INSERT INTO "django_content_type" VALUES(1,'admin','logentry');
INSERT INTO "django_content_type" VALUES(2,'auth','permission');
INSERT INTO "django_content_type" VALUES(3,'auth','group');
INSERT INTO "django_content_type" VALUES(4,'auth','user');
INSERT INTO "django_content_type" VALUES(5,'contenttypes','contenttype');
INSERT INTO "django_content_type" VALUES(6,'sessions','session');
INSERT INTO "django_content_type" VALUES(7,'musica','artista');
INSERT INTO "django_content_type" VALUES(8,'musica','cancion');
INSERT INTO "django_content_type" VALUES(9,'musica','discografica');
INSERT INTO "django_content_type" VALUES(10,'musica','album');
INSERT INTO "django_content_type" VALUES(11,'musica','imagen');
CREATE UNIQUE INDEX "auth_group_permissions_group_id_permission_id_0cd325b0_uniq" ON "auth_group_permissions" ("group_id", "permission_id");
CREATE INDEX IF NOT EXISTS "auth_group_permissions_group_id_b120cbf9" ON "auth_group_permissions" ("group_id");
CREATE INDEX IF NOT EXISTS "auth_group_permissions_permission_id_84c5c92e" ON "auth_group_permissions" ("permission_id");
CREATE UNIQUE INDEX "auth_user_groups_user_id_group_id_94350c0c_uniq" ON "auth_user_groups" ("user_id", "group_id");
CREATE INDEX IF NOT EXISTS "auth_user_groups_user_id_6a12ed8b" ON "auth_user_groups" ("user_id");
CREATE INDEX IF NOT EXISTS "auth_user_groups_group_id_97559544" ON "auth_user_groups" ("group_id");
CREATE UNIQUE INDEX "auth_user_user_permissions_user_id_permission_id_14a6b632_uniq" ON "auth_user_user_permissions" ("user_id", "permission_id");
CREATE INDEX IF NOT EXISTS "auth_user_user_permissions_user_id_a95ead1b" ON "auth_user_user_permissions" ("user_id");
CREATE INDEX IF NOT EXISTS "auth_user_user_permissions_permission_id_1fbb5f2c" ON "auth_user_user_permissions" ("permission_id");
CREATE INDEX IF NOT EXISTS "django_admin_log_content_type_id_c4bce8eb" ON "django_admin_log" ("content_type_id");
CREATE INDEX IF NOT EXISTS "django_admin_log_user_id_c564eba6" ON "django_admin_log" ("user_id");
CREATE UNIQUE INDEX "django_content_type_app_label_model_76bd3d3b_uniq" ON "django_content_type" ("app_label", "model");
CREATE UNIQUE INDEX "auth_permission_content_type_id_codename_01ab375a_uniq" ON "auth_permission" ("content_type_id", "codename");
CREATE INDEX IF NOT EXISTS "auth_permission_content_type_id_2f476e4b" ON "auth_permission" ("content_type_id");
CREATE UNIQUE INDEX "musica_album_artistas_album_id_artista_id_092ce7ee_uniq" ON "musica_album_artistas" ("album_id", "artista_id");
CREATE INDEX IF NOT EXISTS "musica_album_artistas_album_id_446b4290" ON "musica_album_artistas" ("album_id");
CREATE INDEX IF NOT EXISTS "musica_album_artistas_artista_id_e1138a23" ON "musica_album_artistas" ("artista_id");
CREATE INDEX IF NOT EXISTS "django_session_expire_date_a5c62663" ON "django_session" ("expire_date");
CREATE INDEX IF NOT EXISTS "musica_cancion_album_id_e56070a5" ON "musica_cancion" ("album_id");
CREATE INDEX IF NOT EXISTS "musica_imagen_fecha_subida_ee054eb4" ON "musica_imagen" ("fecha_subida");
CREATE INDEX IF NOT EXISTS "musica_imagen_subida_por_id_930ac2e9" ON "musica_imagen" ("subida_por_id");
CREATE INDEX IF NOT EXISTS "musica_album_discografica_id_8e7f529f" ON "musica_album" ("discografica_id");
CREATE TABLE IF NOT EXISTS "django_migrations" ("id" integer NOT NULL PRIMARY KEY AUTOINCREMENT, "app" varchar(255) NOT NULL, "name" varchar(255) NOT NULL, "applied" datetime NOT NULL);
INSERT INTO "django_migrations" VALUES(1,'contenttypes','0001_initial','2021-11-17 19:16:34.337830');
INSERT INTO "django_migrations" VALUES(2,'auth','0001_initial','2021-11-17 19:16:34.436014');
INSERT INTO "django_migrations" VALUES(3,'admin','0001_initial','2021-11-17 19:16:34.518443');
INSERT INTO "django_migrations" VALUES(4,'admin','0002_logentry_remove_auto_add','2021-11-17 19:16:34.545153');
INSERT INTO "django_migrations" VALUES(5,'admin','0003_logentry_add_action_flag_choices','2021-11-17 19:16:34.562725');
INSERT INTO "django_migrations" VALUES(6,'contenttypes','0002_remove_content_type_name','2021-11-17 19:16:34.632914');
INSERT INTO "django_migrations" VALUES(7,'auth','0002_alter_permission_name_max_length','2021-11-17 19:16:34.649928');
INSERT INTO "django_migrations" VALUES(8,'auth','0003_alter_user_email_max_length','2021-11-17 19:16:34.752995');
INSERT INTO "django_migrations" VALUES(9,'auth','0004_alter_user_username_opts','2021-11-17 19:16:34.998528');
INSERT INTO "django_migrations" VALUES(10,'auth','0005_alter_user_last_login_null','2021-11-17 19:16:35.039438');
INSERT INTO "django_migrations" VALUES(11,'auth','0006_require_contenttypes_0002','2021-11-17 19:16:35.043953');
INSERT INTO "django_migrations" VALUES(12,'auth','0007_alter_validators_add_error_messages','2021-11-17 19:16:35.088636');
INSERT INTO "django_migrations" VALUES(13,'auth','0008_alter_user_username_max_length','2021-11-17 19:16:35.157689');
INSERT INTO "django_migrations" VALUES(14,'auth','0009_alter_user_last_name_max_length','2021-11-17 19:16:35.230888');
INSERT INTO "django_migrations" VALUES(15,'auth','0010_alter_group_name_max_length','2021-11-17 19:16:35.259224');
INSERT INTO "django_migrations" VALUES(16,'auth','0011_update_proxy_permissions','2021-11-17 19:16:35.271073');
INSERT INTO "django_migrations" VALUES(17,'auth','0012_alter_user_first_name_max_length','2021-11-17 19:16:35.341714');
INSERT INTO "django_migrations" VALUES(18,'musica','0001_initial','2021-11-17 19:16:35.502737');
INSERT INTO "django_migrations" VALUES(19,'musica','0002_auto_20211117_1945','2021-11-17 19:16:35.546528');
INSERT INTO "django_migrations" VALUES(20,'sessions','0001_initial','2021-11-17 19:16:35.616319');
INSERT INTO "django_migrations" VALUES(21,'musica','0003_auto_20211117_2034','2021-11-17 19:34:55.766583');
INSERT INTO "django_migrations" VALUES(22,'musica','0004_rename_nombre_artista_nombre_artista','2021-11-17 19:43:49.445181');
INSERT INTO "django_migrations" VALUES(23,'musica','0005_auto_20211120_2107','2021-11-20 20:07:31.052602');
INSERT INTO "django_migrations" VALUES(24,'musica','0006_remove_album_fecha_salida','2021-11-21 16:37:06.393841');
INSERT INTO "django_migrations" VALUES(25,'musica','0007_alter_album_options','2021-11-22 08:05:06.501311');
INSERT INTO "django_migrations" VALUES(26,'musica','0008_imagen','2021-11-23 12:24:59.237742');
INSERT INTO "django_migrations" VALUES(27,'musica','0009_album_imagen_cover','2021-11-24 07:57:40.182633');
INSERT INTO "django_migrations" VALUES(28,'musica','0010_auto_20211124_0919','2021-11-24 08:19:11.310716');
INSERT INTO "django_migrations" VALUES(29,'musica','0011_auto_20211124_0933','2021-11-24 08:33:30.219249');
INSERT INTO "django_migrations" VALUES(30,'musica','0012_alter_album_imagen_cover','2021-11-24 08:59:58.046036');
INSERT INTO "django_migrations" VALUES(31,'musica','0013_alter_album_imagen_cover','2021-11-24 09:05:58.835506');
INSERT INTO "django_migrations" VALUES(32,'musica','0014_auto_20211124_1010','2021-11-24 09:10:50.658661');
INSERT INTO "django_migrations" VALUES(33,'musica','0015_remove_album_cover','2021-11-24 09:12:56.024280');
INSERT INTO "django_migrations" VALUES(34,'musica','0009_alter_imagen_file','2021-11-24 09:36:11.227995');
INSERT INTO "django_migrations" VALUES(35,'musica','0009_auto_20211124_1155','2021-11-24 10:56:03.382874');
INSERT INTO "django_migrations" VALUES(36,'musica','0010_album_img','2021-11-24 20:05:31.175511');
INSERT INTO "django_migrations" VALUES(37,'musica','0011_remove_album_img','2021-11-24 20:14:34.696869');
INSERT INTO "django_migrations" VALUES(38,'musica','0012_auto_20211208_1511','2021-12-08 14:11:48.881703');
INSERT INTO "django_migrations" VALUES(39,'musica','0013_auto_20211208_1531','2021-12-08 14:31:26.747396');
INSERT INTO "django_migrations" VALUES(40,'musica','0014_remove_album_cover_resize','2021-12-08 14:32:26.021055');
INSERT INTO "django_migrations" VALUES(41,'musica','0015_alter_album_cover','2021-12-08 14:41:27.245454');
INSERT INTO "django_migrations" VALUES(42,'musica','0016_alter_album_cover','2021-12-08 14:51:59.094924');
INSERT INTO "django_migrations" VALUES(43,'musica','0017_alter_album_cover','2021-12-08 15:27:41.224627');
INSERT INTO "django_migrations" VALUES(44,'musica','0018_alter_album_cover','2021-12-08 15:29:02.223252');
INSERT INTO "django_migrations" VALUES(45,'musica','0019_alter_album_cover','2021-12-08 15:31:10.005616');
CREATE UNIQUE INDEX "auth_group_permissions_group_id_permission_id_0cd325b0_uniq" ON "auth_group_permissions" ("group_id", "permission_id");
CREATE INDEX IF NOT EXISTS "auth_group_permissions_group_id_b120cbf9" ON "auth_group_permissions" ("group_id");
CREATE INDEX IF NOT EXISTS "auth_group_permissions_permission_id_84c5c92e" ON "auth_group_permissions" ("permission_id");
CREATE UNIQUE INDEX "auth_user_groups_user_id_group_id_94350c0c_uniq" ON "auth_user_groups" ("user_id", "group_id");
CREATE INDEX IF NOT EXISTS "auth_user_groups_user_id_6a12ed8b" ON "auth_user_groups" ("user_id");
CREATE INDEX IF NOT EXISTS "auth_user_groups_group_id_97559544" ON "auth_user_groups" ("group_id");
CREATE UNIQUE INDEX "auth_user_user_permissions_user_id_permission_id_14a6b632_uniq" ON "auth_user_user_permissions" ("user_id", "permission_id");
CREATE INDEX IF NOT EXISTS "auth_user_user_permissions_user_id_a95ead1b" ON "auth_user_user_permissions" ("user_id");
CREATE INDEX IF NOT EXISTS "auth_user_user_permissions_permission_id_1fbb5f2c" ON "auth_user_user_permissions" ("permission_id");
CREATE INDEX IF NOT EXISTS "django_admin_log_content_type_id_c4bce8eb" ON "django_admin_log" ("content_type_id");
CREATE INDEX IF NOT EXISTS "django_admin_log_user_id_c564eba6" ON "django_admin_log" ("user_id");
CREATE UNIQUE INDEX "django_content_type_app_label_model_76bd3d3b_uniq" ON "django_content_type" ("app_label", "model");
CREATE UNIQUE INDEX "auth_permission_content_type_id_codename_01ab375a_uniq" ON "auth_permission" ("content_type_id", "codename");
CREATE INDEX IF NOT EXISTS "auth_permission_content_type_id_2f476e4b" ON "auth_permission" ("content_type_id");
CREATE UNIQUE INDEX "musica_album_artistas_album_id_artista_id_092ce7ee_uniq" ON "musica_album_artistas" ("album_id", "artista_id");
CREATE INDEX IF NOT EXISTS "musica_album_artistas_album_id_446b4290" ON "musica_album_artistas" ("album_id");
CREATE INDEX IF NOT EXISTS "musica_album_artistas_artista_id_e1138a23" ON "musica_album_artistas" ("artista_id");
CREATE INDEX IF NOT EXISTS "django_session_expire_date_a5c62663" ON "django_session" ("expire_date");
CREATE INDEX IF NOT EXISTS "musica_cancion_album_id_e56070a5" ON "musica_cancion" ("album_id");
CREATE INDEX IF NOT EXISTS "musica_imagen_fecha_subida_ee054eb4" ON "musica_imagen" ("fecha_subida");
CREATE INDEX IF NOT EXISTS "musica_imagen_subida_por_id_930ac2e9" ON "musica_imagen" ("subida_por_id");
CREATE INDEX IF NOT EXISTS "musica_album_discografica_id_8e7f529f" ON "musica_album" ("discografica_id");
CREATE TABLE IF NOT EXISTS "django_session" ("session_key" varchar(40) NOT NULL PRIMARY KEY, "session_data" text NOT NULL, "expire_date" datetime NOT NULL);
INSERT INTO "django_session" VALUES('uoyijolmdixzocozajkdyg7cgpy0rgup','.eJxVjEEOwiAQRe_C2pBpYRjr0n3P0AwMSNVAUtqV8e7apAvd_vfef6mJtzVPW4vLNIu6qE6dfjfP4RHLDuTO5VZ1qGVdZq93RR-06bFKfF4P9-8gc8vf2jInIwgcBwPQG4-eeuzAIDgXGbwjS_ZsDQUkGShRiGKTtxAcI5N6fwDJKjdl:1mom3H:tg68xzrpwVtfk6QC3ZIGytSwK5VR0VD7_O0GVn3c_eQ','2021-12-05 12:34:35.907392');
INSERT INTO "django_session" VALUES('ftqx5dqng7ni2gkneveejtpidh9a23ds','.eJxVjEEOwiAQRe_C2pBpYRjr0n3P0AwMSNVAUtqV8e7apAvd_vfef6mJtzVPW4vLNIu6qE6dfjfP4RHLDuTO5VZ1qGVdZq93RR-06bFKfF4P9-8gc8vf2jInIwgcBwPQG4-eeuzAIDgXGbwjS_ZsDQUkGShRiGKTtxAcI5N6fwDJKjdl:1msNFd:PhPBiTFkN43enbJ9GeME6q4j_UydnJKDEWeY2HBjq4M','2021-12-15 10:54:13.035555');
INSERT INTO "django_session" VALUES('ryhtjqq7qeb3eej9l5ssvwfzretgnmgi','.eJxVjEEOwiAQRe_C2pBpYRjr0n3P0AwMSNVAUtqV8e7apAvd_vfef6mJtzVPW4vLNIu6qE6dfjfP4RHLDuTO5VZ1qGVdZq93RR-06bFKfF4P9-8gc8vf2jInIwgcBwPQG4-eeuzAIDgXGbwjS_ZsDQUkGShRiGKTtxAcI5N6fwDJKjdl:1mv0SB:XRV84rbud7zn5XBaiRzYou3IG8-u1c1_8pHGislT1es','2021-12-22 17:10:03.276681');
CREATE UNIQUE INDEX "auth_group_permissions_group_id_permission_id_0cd325b0_uniq" ON "auth_group_permissions" ("group_id", "permission_id");
CREATE INDEX IF NOT EXISTS "auth_group_permissions_group_id_b120cbf9" ON "auth_group_permissions" ("group_id");
CREATE INDEX IF NOT EXISTS "auth_group_permissions_permission_id_84c5c92e" ON "auth_group_permissions" ("permission_id");
CREATE UNIQUE INDEX "auth_user_groups_user_id_group_id_94350c0c_uniq" ON "auth_user_groups" ("user_id", "group_id");
CREATE INDEX IF NOT EXISTS "auth_user_groups_user_id_6a12ed8b" ON "auth_user_groups" ("user_id");
CREATE INDEX IF NOT EXISTS "auth_user_groups_group_id_97559544" ON "auth_user_groups" ("group_id");
CREATE UNIQUE INDEX "auth_user_user_permissions_user_id_permission_id_14a6b632_uniq" ON "auth_user_user_permissions" ("user_id", "permission_id");
CREATE INDEX IF NOT EXISTS "auth_user_user_permissions_user_id_a95ead1b" ON "auth_user_user_permissions" ("user_id");
CREATE INDEX IF NOT EXISTS "auth_user_user_permissions_permission_id_1fbb5f2c" ON "auth_user_user_permissions" ("permission_id");
CREATE INDEX IF NOT EXISTS "django_admin_log_content_type_id_c4bce8eb" ON "django_admin_log" ("content_type_id");
CREATE INDEX IF NOT EXISTS "django_admin_log_user_id_c564eba6" ON "django_admin_log" ("user_id");
CREATE UNIQUE INDEX "django_content_type_app_label_model_76bd3d3b_uniq" ON "django_content_type" ("app_label", "model");
CREATE UNIQUE INDEX "auth_permission_content_type_id_codename_01ab375a_uniq" ON "auth_permission" ("content_type_id", "codename");
CREATE INDEX IF NOT EXISTS "auth_permission_content_type_id_2f476e4b" ON "auth_permission" ("content_type_id");
CREATE UNIQUE INDEX "musica_album_artistas_album_id_artista_id_092ce7ee_uniq" ON "musica_album_artistas" ("album_id", "artista_id");
CREATE INDEX IF NOT EXISTS "musica_album_artistas_album_id_446b4290" ON "musica_album_artistas" ("album_id");
CREATE INDEX IF NOT EXISTS "musica_album_artistas_artista_id_e1138a23" ON "musica_album_artistas" ("artista_id");
CREATE INDEX IF NOT EXISTS "django_session_expire_date_a5c62663" ON "django_session" ("expire_date");
CREATE INDEX IF NOT EXISTS "musica_cancion_album_id_e56070a5" ON "musica_cancion" ("album_id");
CREATE INDEX IF NOT EXISTS "musica_imagen_fecha_subida_ee054eb4" ON "musica_imagen" ("fecha_subida");
CREATE INDEX IF NOT EXISTS "musica_imagen_subida_por_id_930ac2e9" ON "musica_imagen" ("subida_por_id");
CREATE INDEX IF NOT EXISTS "musica_album_discografica_id_8e7f529f" ON "musica_album" ("discografica_id");
CREATE TABLE IF NOT EXISTS "musica_album" ("id" integer NOT NULL PRIMARY KEY AUTOINCREMENT, "titulo" varchar(100) NOT NULL, "formato" varchar(3) NOT NULL, "genero" varchar(4) NOT NULL, "duracion" decimal NOT NULL, "discografica_id" bigint NULL REFERENCES "musica_discografica" ("id") DEFERRABLE INITIALLY DEFERRED, "cover" varchar(100) NOT NULL);
INSERT INTO "musica_album" VALUES(7,'Bulería','CST','POP',0,1,'imagenes/a_JuvDfG5.jpeg');
INSERT INTO "musica_album" VALUES(8,'Corazon latino','VNL','POP',0,1,'imagenes/c.jpeg');
INSERT INTO "musica_album" VALUES(9,'Sin mirar atrás','CD','POP',0,1,'imagenes/sinmiraratras.jpeg');
INSERT INTO "musica_album" VALUES(10,'Amores','VNL','POP',0,1,'imagenes/not-found.png');
CREATE UNIQUE INDEX "auth_group_permissions_group_id_permission_id_0cd325b0_uniq" ON "auth_group_permissions" ("group_id", "permission_id");
CREATE INDEX IF NOT EXISTS "auth_group_permissions_group_id_b120cbf9" ON "auth_group_permissions" ("group_id");
CREATE INDEX IF NOT EXISTS "auth_group_permissions_permission_id_84c5c92e" ON "auth_group_permissions" ("permission_id");
CREATE UNIQUE INDEX "auth_user_groups_user_id_group_id_94350c0c_uniq" ON "auth_user_groups" ("user_id", "group_id");
CREATE INDEX IF NOT EXISTS "auth_user_groups_user_id_6a12ed8b" ON "auth_user_groups" ("user_id");
CREATE INDEX IF NOT EXISTS "auth_user_groups_group_id_97559544" ON "auth_user_groups" ("group_id");
CREATE UNIQUE INDEX "auth_user_user_permissions_user_id_permission_id_14a6b632_uniq" ON "auth_user_user_permissions" ("user_id", "permission_id");
CREATE INDEX IF NOT EXISTS "auth_user_user_permissions_user_id_a95ead1b" ON "auth_user_user_permissions" ("user_id");
CREATE INDEX IF NOT EXISTS "auth_user_user_permissions_permission_id_1fbb5f2c" ON "auth_user_user_permissions" ("permission_id");
CREATE INDEX IF NOT EXISTS "django_admin_log_content_type_id_c4bce8eb" ON "django_admin_log" ("content_type_id");
CREATE INDEX IF NOT EXISTS "django_admin_log_user_id_c564eba6" ON "django_admin_log" ("user_id");
CREATE UNIQUE INDEX "django_content_type_app_label_model_76bd3d3b_uniq" ON "django_content_type" ("app_label", "model");
CREATE UNIQUE INDEX "auth_permission_content_type_id_codename_01ab375a_uniq" ON "auth_permission" ("content_type_id", "codename");
CREATE INDEX IF NOT EXISTS "auth_permission_content_type_id_2f476e4b" ON "auth_permission" ("content_type_id");
CREATE UNIQUE INDEX "musica_album_artistas_album_id_artista_id_092ce7ee_uniq" ON "musica_album_artistas" ("album_id", "artista_id");
CREATE INDEX IF NOT EXISTS "musica_album_artistas_album_id_446b4290" ON "musica_album_artistas" ("album_id");
CREATE INDEX IF NOT EXISTS "musica_album_artistas_artista_id_e1138a23" ON "musica_album_artistas" ("artista_id");
CREATE INDEX IF NOT EXISTS "django_session_expire_date_a5c62663" ON "django_session" ("expire_date");
CREATE INDEX IF NOT EXISTS "musica_cancion_album_id_e56070a5" ON "musica_cancion" ("album_id");
CREATE INDEX IF NOT EXISTS "musica_imagen_fecha_subida_ee054eb4" ON "musica_imagen" ("fecha_subida");
CREATE INDEX IF NOT EXISTS "musica_imagen_subida_por_id_930ac2e9" ON "musica_imagen" ("subida_por_id");
CREATE INDEX IF NOT EXISTS "musica_album_discografica_id_8e7f529f" ON "musica_album" ("discografica_id");
CREATE TABLE IF NOT EXISTS "musica_album_artistas" ("id" integer NOT NULL PRIMARY KEY AUTOINCREMENT, "album_id" bigint NOT NULL REFERENCES "musica_album" ("id") DEFERRABLE INITIALLY DEFERRED, "artista_id" bigint NOT NULL REFERENCES "musica_artista" ("id") DEFERRABLE INITIALLY DEFERRED);
INSERT INTO "musica_album_artistas" VALUES(8,7,1);
INSERT INTO "musica_album_artistas" VALUES(9,8,1);
INSERT INTO "musica_album_artistas" VALUES(10,9,1);
INSERT INTO "musica_album_artistas" VALUES(11,10,6);
CREATE UNIQUE INDEX "auth_group_permissions_group_id_permission_id_0cd325b0_uniq" ON "auth_group_permissions" ("group_id", "permission_id");
CREATE INDEX IF NOT EXISTS "auth_group_permissions_group_id_b120cbf9" ON "auth_group_permissions" ("group_id");
CREATE INDEX IF NOT EXISTS "auth_group_permissions_permission_id_84c5c92e" ON "auth_group_permissions" ("permission_id");
CREATE UNIQUE INDEX "auth_user_groups_user_id_group_id_94350c0c_uniq" ON "auth_user_groups" ("user_id", "group_id");
CREATE INDEX IF NOT EXISTS "auth_user_groups_user_id_6a12ed8b" ON "auth_user_groups" ("user_id");
CREATE INDEX IF NOT EXISTS "auth_user_groups_group_id_97559544" ON "auth_user_groups" ("group_id");
CREATE UNIQUE INDEX "auth_user_user_permissions_user_id_permission_id_14a6b632_uniq" ON "auth_user_user_permissions" ("user_id", "permission_id");
CREATE INDEX IF NOT EXISTS "auth_user_user_permissions_user_id_a95ead1b" ON "auth_user_user_permissions" ("user_id");
CREATE INDEX IF NOT EXISTS "auth_user_user_permissions_permission_id_1fbb5f2c" ON "auth_user_user_permissions" ("permission_id");
CREATE INDEX IF NOT EXISTS "django_admin_log_content_type_id_c4bce8eb" ON "django_admin_log" ("content_type_id");
CREATE INDEX IF NOT EXISTS "django_admin_log_user_id_c564eba6" ON "django_admin_log" ("user_id");
CREATE UNIQUE INDEX "django_content_type_app_label_model_76bd3d3b_uniq" ON "django_content_type" ("app_label", "model");
CREATE UNIQUE INDEX "auth_permission_content_type_id_codename_01ab375a_uniq" ON "auth_permission" ("content_type_id", "codename");
CREATE INDEX IF NOT EXISTS "auth_permission_content_type_id_2f476e4b" ON "auth_permission" ("content_type_id");
CREATE UNIQUE INDEX "musica_album_artistas_album_id_artista_id_092ce7ee_uniq" ON "musica_album_artistas" ("album_id", "artista_id");
CREATE INDEX IF NOT EXISTS "musica_album_artistas_album_id_446b4290" ON "musica_album_artistas" ("album_id");
CREATE INDEX IF NOT EXISTS "musica_album_artistas_artista_id_e1138a23" ON "musica_album_artistas" ("artista_id");
CREATE INDEX IF NOT EXISTS "django_session_expire_date_a5c62663" ON "django_session" ("expire_date");
CREATE INDEX IF NOT EXISTS "musica_cancion_album_id_e56070a5" ON "musica_cancion" ("album_id");
CREATE INDEX IF NOT EXISTS "musica_imagen_fecha_subida_ee054eb4" ON "musica_imagen" ("fecha_subida");
CREATE INDEX IF NOT EXISTS "musica_imagen_subida_por_id_930ac2e9" ON "musica_imagen" ("subida_por_id");
CREATE INDEX IF NOT EXISTS "musica_album_discografica_id_8e7f529f" ON "musica_album" ("discografica_id");
CREATE TABLE IF NOT EXISTS "musica_artista" ("id" integer NOT NULL PRIMARY KEY AUTOINCREMENT, "nombre_artista" varchar(100) NOT NULL, "pais" varchar(50) NOT NULL);
INSERT INTO "musica_artista" VALUES(1,'David Bisbal','España');
INSERT INTO "musica_artista" VALUES(6,'Manolo Escobar','España');
CREATE UNIQUE INDEX "auth_group_permissions_group_id_permission_id_0cd325b0_uniq" ON "auth_group_permissions" ("group_id", "permission_id");
CREATE INDEX IF NOT EXISTS "auth_group_permissions_group_id_b120cbf9" ON "auth_group_permissions" ("group_id");
CREATE INDEX IF NOT EXISTS "auth_group_permissions_permission_id_84c5c92e" ON "auth_group_permissions" ("permission_id");
CREATE UNIQUE INDEX "auth_user_groups_user_id_group_id_94350c0c_uniq" ON "auth_user_groups" ("user_id", "group_id");
CREATE INDEX IF NOT EXISTS "auth_user_groups_user_id_6a12ed8b" ON "auth_user_groups" ("user_id");
CREATE INDEX IF NOT EXISTS "auth_user_groups_group_id_97559544" ON "auth_user_groups" ("group_id");
CREATE UNIQUE INDEX "auth_user_user_permissions_user_id_permission_id_14a6b632_uniq" ON "auth_user_user_permissions" ("user_id", "permission_id");
CREATE INDEX IF NOT EXISTS "auth_user_user_permissions_user_id_a95ead1b" ON "auth_user_user_permissions" ("user_id");
CREATE INDEX IF NOT EXISTS "auth_user_user_permissions_permission_id_1fbb5f2c" ON "auth_user_user_permissions" ("permission_id");
CREATE INDEX IF NOT EXISTS "django_admin_log_content_type_id_c4bce8eb" ON "django_admin_log" ("content_type_id");
CREATE INDEX IF NOT EXISTS "django_admin_log_user_id_c564eba6" ON "django_admin_log" ("user_id");
CREATE UNIQUE INDEX "django_content_type_app_label_model_76bd3d3b_uniq" ON "django_content_type" ("app_label", "model");
CREATE UNIQUE INDEX "auth_permission_content_type_id_codename_01ab375a_uniq" ON "auth_permission" ("content_type_id", "codename");
CREATE INDEX IF NOT EXISTS "auth_permission_content_type_id_2f476e4b" ON "auth_permission" ("content_type_id");
CREATE UNIQUE INDEX "musica_album_artistas_album_id_artista_id_092ce7ee_uniq" ON "musica_album_artistas" ("album_id", "artista_id");
CREATE INDEX IF NOT EXISTS "musica_album_artistas_album_id_446b4290" ON "musica_album_artistas" ("album_id");
CREATE INDEX IF NOT EXISTS "musica_album_artistas_artista_id_e1138a23" ON "musica_album_artistas" ("artista_id");
CREATE INDEX IF NOT EXISTS "django_session_expire_date_a5c62663" ON "django_session" ("expire_date");
CREATE INDEX IF NOT EXISTS "musica_cancion_album_id_e56070a5" ON "musica_cancion" ("album_id");
CREATE INDEX IF NOT EXISTS "musica_imagen_fecha_subida_ee054eb4" ON "musica_imagen" ("fecha_subida");
CREATE INDEX IF NOT EXISTS "musica_imagen_subida_por_id_930ac2e9" ON "musica_imagen" ("subida_por_id");
CREATE INDEX IF NOT EXISTS "musica_album_discografica_id_8e7f529f" ON "musica_album" ("discografica_id");
CREATE TABLE IF NOT EXISTS "musica_cancion" ("id" integer NOT NULL PRIMARY KEY AUTOINCREMENT, "nombre" varchar(50) NOT NULL, "duracion" decimal NOT NULL, "album_id" bigint NULL REFERENCES "musica_album" ("id") DEFERRABLE INITIALLY DEFERRED);
INSERT INTO "musica_cancion" VALUES(1,'Al Andalus',3.58,NULL);
INSERT INTO "musica_cancion" VALUES(2,'Si falta el aire',3.14,9);
CREATE UNIQUE INDEX "auth_group_permissions_group_id_permission_id_0cd325b0_uniq" ON "auth_group_permissions" ("group_id", "permission_id");
CREATE INDEX IF NOT EXISTS "auth_group_permissions_group_id_b120cbf9" ON "auth_group_permissions" ("group_id");
CREATE INDEX IF NOT EXISTS "auth_group_permissions_permission_id_84c5c92e" ON "auth_group_permissions" ("permission_id");
CREATE UNIQUE INDEX "auth_user_groups_user_id_group_id_94350c0c_uniq" ON "auth_user_groups" ("user_id", "group_id");
CREATE INDEX IF NOT EXISTS "auth_user_groups_user_id_6a12ed8b" ON "auth_user_groups" ("user_id");
CREATE INDEX IF NOT EXISTS "auth_user_groups_group_id_97559544" ON "auth_user_groups" ("group_id");
CREATE UNIQUE INDEX "auth_user_user_permissions_user_id_permission_id_14a6b632_uniq" ON "auth_user_user_permissions" ("user_id", "permission_id");
CREATE INDEX IF NOT EXISTS "auth_user_user_permissions_user_id_a95ead1b" ON "auth_user_user_permissions" ("user_id");
CREATE INDEX IF NOT EXISTS "auth_user_user_permissions_permission_id_1fbb5f2c" ON "auth_user_user_permissions" ("permission_id");
CREATE INDEX IF NOT EXISTS "django_admin_log_content_type_id_c4bce8eb" ON "django_admin_log" ("content_type_id");
CREATE INDEX IF NOT EXISTS "django_admin_log_user_id_c564eba6" ON "django_admin_log" ("user_id");
CREATE UNIQUE INDEX "django_content_type_app_label_model_76bd3d3b_uniq" ON "django_content_type" ("app_label", "model");
CREATE UNIQUE INDEX "auth_permission_content_type_id_codename_01ab375a_uniq" ON "auth_permission" ("content_type_id", "codename");
CREATE INDEX IF NOT EXISTS "auth_permission_content_type_id_2f476e4b" ON "auth_permission" ("content_type_id");
CREATE UNIQUE INDEX "musica_album_artistas_album_id_artista_id_092ce7ee_uniq" ON "musica_album_artistas" ("album_id", "artista_id");
CREATE INDEX IF NOT EXISTS "musica_album_artistas_album_id_446b4290" ON "musica_album_artistas" ("album_id");
CREATE INDEX IF NOT EXISTS "musica_album_artistas_artista_id_e1138a23" ON "musica_album_artistas" ("artista_id");
CREATE INDEX IF NOT EXISTS "django_session_expire_date_a5c62663" ON "django_session" ("expire_date");
CREATE INDEX IF NOT EXISTS "musica_cancion_album_id_e56070a5" ON "musica_cancion" ("album_id");
CREATE INDEX IF NOT EXISTS "musica_imagen_fecha_subida_ee054eb4" ON "musica_imagen" ("fecha_subida");
CREATE INDEX IF NOT EXISTS "musica_imagen_subida_por_id_930ac2e9" ON "musica_imagen" ("subida_por_id");
CREATE INDEX IF NOT EXISTS "musica_album_discografica_id_8e7f529f" ON "musica_album" ("discografica_id");
CREATE TABLE IF NOT EXISTS "musica_discografica" ("id" integer NOT NULL PRIMARY KEY AUTOINCREMENT, "nombre" varchar(50) NOT NULL, "email" varchar(100) NOT NULL);
INSERT INTO "musica_discografica" VALUES(1,'Universal Music Group (UMG)','refused@umg.com');
CREATE UNIQUE INDEX "auth_group_permissions_group_id_permission_id_0cd325b0_uniq" ON "auth_group_permissions" ("group_id", "permission_id");
CREATE INDEX IF NOT EXISTS "auth_group_permissions_group_id_b120cbf9" ON "auth_group_permissions" ("group_id");
CREATE INDEX IF NOT EXISTS "auth_group_permissions_permission_id_84c5c92e" ON "auth_group_permissions" ("permission_id");
CREATE UNIQUE INDEX "auth_user_groups_user_id_group_id_94350c0c_uniq" ON "auth_user_groups" ("user_id", "group_id");
CREATE INDEX IF NOT EXISTS "auth_user_groups_user_id_6a12ed8b" ON "auth_user_groups" ("user_id");
CREATE INDEX IF NOT EXISTS "auth_user_groups_group_id_97559544" ON "auth_user_groups" ("group_id");
CREATE UNIQUE INDEX "auth_user_user_permissions_user_id_permission_id_14a6b632_uniq" ON "auth_user_user_permissions" ("user_id", "permission_id");
CREATE INDEX IF NOT EXISTS "auth_user_user_permissions_user_id_a95ead1b" ON "auth_user_user_permissions" ("user_id");
CREATE INDEX IF NOT EXISTS "auth_user_user_permissions_permission_id_1fbb5f2c" ON "auth_user_user_permissions" ("permission_id");
CREATE INDEX IF NOT EXISTS "django_admin_log_content_type_id_c4bce8eb" ON "django_admin_log" ("content_type_id");
CREATE INDEX IF NOT EXISTS "django_admin_log_user_id_c564eba6" ON "django_admin_log" ("user_id");
CREATE UNIQUE INDEX "django_content_type_app_label_model_76bd3d3b_uniq" ON "django_content_type" ("app_label", "model");
CREATE UNIQUE INDEX "auth_permission_content_type_id_codename_01ab375a_uniq" ON "auth_permission" ("content_type_id", "codename");
CREATE INDEX IF NOT EXISTS "auth_permission_content_type_id_2f476e4b" ON "auth_permission" ("content_type_id");
CREATE UNIQUE INDEX "musica_album_artistas_album_id_artista_id_092ce7ee_uniq" ON "musica_album_artistas" ("album_id", "artista_id");
CREATE INDEX IF NOT EXISTS "musica_album_artistas_album_id_446b4290" ON "musica_album_artistas" ("album_id");
CREATE INDEX IF NOT EXISTS "musica_album_artistas_artista_id_e1138a23" ON "musica_album_artistas" ("artista_id");
CREATE INDEX IF NOT EXISTS "django_session_expire_date_a5c62663" ON "django_session" ("expire_date");
CREATE INDEX IF NOT EXISTS "musica_cancion_album_id_e56070a5" ON "musica_cancion" ("album_id");
CREATE INDEX IF NOT EXISTS "musica_imagen_fecha_subida_ee054eb4" ON "musica_imagen" ("fecha_subida");
CREATE INDEX IF NOT EXISTS "musica_imagen_subida_por_id_930ac2e9" ON "musica_imagen" ("subida_por_id");
CREATE INDEX IF NOT EXISTS "musica_album_discografica_id_8e7f529f" ON "musica_album" ("discografica_id");
CREATE TABLE IF NOT EXISTS "musica_imagen" ("id" integer NOT NULL PRIMARY KEY AUTOINCREMENT, "titulo" varchar(255) NOT NULL, "ancho" integer NOT NULL, "alto" integer NOT NULL, "fecha_subida" datetime NULL, "subida_por_id" integer NULL REFERENCES "auth_user" ("id") DEFERRABLE INITIALLY DEFERRED, "file" varchar(100) NOT NULL);
INSERT INTO "musica_imagen" VALUES(1,'Sin mirar atrás',239,211,'2021-11-24 08:33:30.190405',NULL,'imagenes/2021/11/23/bisbal.jpeg');
INSERT INTO "musica_imagen" VALUES(2,'a',500,500,'2021-11-24 11:13:29.828009',1,'imagenes/a.jpeg');
CREATE UNIQUE INDEX "auth_group_permissions_group_id_permission_id_0cd325b0_uniq" ON "auth_group_permissions" ("group_id", "permission_id");
CREATE INDEX IF NOT EXISTS "auth_group_permissions_group_id_b120cbf9" ON "auth_group_permissions" ("group_id");
CREATE INDEX IF NOT EXISTS "auth_group_permissions_permission_id_84c5c92e" ON "auth_group_permissions" ("permission_id");
CREATE UNIQUE INDEX "auth_user_groups_user_id_group_id_94350c0c_uniq" ON "auth_user_groups" ("user_id", "group_id");
CREATE INDEX IF NOT EXISTS "auth_user_groups_user_id_6a12ed8b" ON "auth_user_groups" ("user_id");
CREATE INDEX IF NOT EXISTS "auth_user_groups_group_id_97559544" ON "auth_user_groups" ("group_id");
CREATE UNIQUE INDEX "auth_user_user_permissions_user_id_permission_id_14a6b632_uniq" ON "auth_user_user_permissions" ("user_id", "permission_id");
CREATE INDEX IF NOT EXISTS "auth_user_user_permissions_user_id_a95ead1b" ON "auth_user_user_permissions" ("user_id");
CREATE INDEX IF NOT EXISTS "auth_user_user_permissions_permission_id_1fbb5f2c" ON "auth_user_user_permissions" ("permission_id");
CREATE INDEX IF NOT EXISTS "django_admin_log_content_type_id_c4bce8eb" ON "django_admin_log" ("content_type_id");
CREATE INDEX IF NOT EXISTS "django_admin_log_user_id_c564eba6" ON "django_admin_log" ("user_id");
CREATE UNIQUE INDEX "django_content_type_app_label_model_76bd3d3b_uniq" ON "django_content_type" ("app_label", "model");
CREATE UNIQUE INDEX "auth_permission_content_type_id_codename_01ab375a_uniq" ON "auth_permission" ("content_type_id", "codename");
CREATE INDEX IF NOT EXISTS "auth_permission_content_type_id_2f476e4b" ON "auth_permission" ("content_type_id");
CREATE UNIQUE INDEX "musica_album_artistas_album_id_artista_id_092ce7ee_uniq" ON "musica_album_artistas" ("album_id", "artista_id");
CREATE INDEX IF NOT EXISTS "musica_album_artistas_album_id_446b4290" ON "musica_album_artistas" ("album_id");
CREATE INDEX IF NOT EXISTS "musica_album_artistas_artista_id_e1138a23" ON "musica_album_artistas" ("artista_id");
CREATE INDEX IF NOT EXISTS "django_session_expire_date_a5c62663" ON "django_session" ("expire_date");
CREATE INDEX IF NOT EXISTS "musica_cancion_album_id_e56070a5" ON "musica_cancion" ("album_id");
CREATE INDEX IF NOT EXISTS "musica_imagen_fecha_subida_ee054eb4" ON "musica_imagen" ("fecha_subida");
CREATE INDEX IF NOT EXISTS "musica_imagen_subida_por_id_930ac2e9" ON "musica_imagen" ("subida_por_id");
CREATE INDEX IF NOT EXISTS "musica_album_discografica_id_8e7f529f" ON "musica_album" ("discografica_id");
